{"batch_size": 16, "lr": 4.455556267294933e-05, "base_channels": 32, "beta1": 0.8248474851791047, "beta2": 0.9007638606263028, "eps": 1.0518239994636997e-08, "weight_decay": 1.8497446751408197e-06}