{"batch_size": 32, "lr": 0.00010135211376349008, "base_channels": 64, "beta1": 0.9175359182964491, "beta2": 0.9757206708695416, "eps": 3.422801253803442e-09, "weight_decay": 9.692445546369089e-05}